OUT;PV
71,8142395;7931,817871
71,80388641;7878,78125
71,74752808;7992,464844
71,41731262;7877,998047
71,33930969;7920,26123
71,32682037;7987,990234
71,32436371;8000,05957
71,29949188;8021,851074
71,28051758;8041,286621
71,27384186;7894,796387
71,18262482;7936,268066
71,11789703;8005,057617
71,09408569;7929,191406
71,06520081;7888,50293
71,03889465;8044,954102
71,02085114;8076,458008
70,96640778;7838,350586
70,91609955;8000,323242
70,90395355;8034,458984
70,86670685;7953,081543
70,86543274;8026,051758
70,78049469;7877,484375
70,73812103;8033,672852
70,61038208;8107,963867
70,60162354;8115,836914
70,45074463;7952,8125
70,44699097;8054,670898
70,3626709;7923,679688
70,33388519;8047,839355
70,2890625;7987,726563
70,26570129;7996,655273
70,1987915;7993,49707
70,19281006;8022,379395
70,17032623;8040,757813
70,14997101;8050,734863
70,14401245;8015,29834
70,11058807;7990,093262
70,06758118;7967,523438
70,02414703;7907,135742
69,98781586;7983,525391
69,93376923;8013,200195
69,86976624;7965,415039
69,84785461;7917,38623
69,82025146;8077,250977
69,73928833;7908,182617
69,72963715;7947,052734
69,66184235;7958,06543
69,63145447;7988,254395
69,60326385;8114,251953
69,5221405;7963,576172
69,50770569;8042,337891
69,46006775;7945,995117
69,45056915;7983,530273
69,4400177;7943,618652
69,36791229;7936,008789
69,35622406;7970,144531
69,35505676;8061,48877
69,34158325;8066,741211
69,30854797;8039,965332
69,27857208;8031,579102
69,2279129;8005,052246
69,22131348;8194,333984
69,21762848;7874,056641
69,20088196;7909,248047
69,15365601;7927,602539
69,1010437;7996,64502
69,05329132;7981,685547
69,04747772;7907,65332
69,0437851;7913,703613
69,04161835;7952,289063
69,02065277;7884,311523
69,01035309;8035,24707
69,00881958;8276,240234
68,95423126;8010,299805
68,95231628;7917,380859
68,94761658;8069,10791
68,89887238;8007,937988
68,89726257;7935,75
68,89274597;7966,725586
68,85808563;7973,822266
68,84222412;7956,490234
68,81539154;7995,339844
68,81356049;7954,138672
68,80340576;8100,867188
68,77875519;8090,630859
68,77332306;8112,946777
68,74121094;7818,661621
68,73429871;8013,977539
68,71006012;8010,300781
68,69811249;8104,543945
68,69186401;8076,19873
68,67393494;8049,160156
68,67356873;8040,748047
68,66260529;8019,748047
68,64929962;8073,044922
68,62660217;7907,399902
68,5941391;8060,96582
68,57263184;8094,568359
68,56880951;8017,904785
68,54777527;7947,825684
68,48681641;8010,574707
68,46363068;8034,449219
68,44954681;8036,033203
68,44580078;8148,646484
68,4382019;8100,084961
68,43244171;7881,939453
68,42433167;7861,991211
68,42064667;8105,341797
68,41055298;8013,972656
68,39804077;8023,431641
68,36295319;7864,867676
68,36267853;7961,214355
68,35067749;7871,175781
68,34008026;7955,698242
68,32172394;8063,860352
68,3213501;8034,988281
68,32045746;7976,961914
68,31468964;7978,008301
68,31320953;7901,354492
68,3115387;8060,959961
68,30014038;8168,600586
68,25200653;7902,939453
68,25098419;7874,066406
68,23213196;8002,176758
68,2250061;7865,126465
68,22330475;8029,724609
68,21097565;7892,175781
68,2093811;7919,214844
68,20822906;8004,01123
68,14289856;7887,710938
68,09909058;7855,952637
68,09474182;8076,458984
68,04501343;7855,957031
68,04189301;7826,544922
68,00457001;7926,560547
67,97687531;7868,026367
67,97621155;7950,709961
67,95193481;7981,95459
67,94615173;7902,151367
67,90917206;7910,025879
67,90751648;7895,066406
67,87897491;8042,601563
67,87827301;7905,04248
67,87171936;8093,262207
67,86569977;7913,438477
67,86162567;7839,142578
67,79541016;8023,176758
67,79512024;7886,664063
67,76524353;8130,009766
67,76481628;7997,432617
67,76143646;8054,682129
67,76076508;7908,461914
67,74416351;7978,536621
67,73686218;8104,026367
67,72480011;7989,564453
67,68533325;7996,661133
67,65089417;8094,837402
67,64598083;7970,134766
67,61392212;8000,862305
67,56178284;7973,035156
67,56114197;8025,259766
67,55161285;8062,286133
67,53094482;7891,916992
67,52471161;7916,324707
67,51939392;8146,807617
67,51577759;7921,048828
67,49178314;8021,597656
67,4868927;7899,790039
67,4719696;7983,789063
67,46037292;7968,036133
67,44818115;7960,950195
67,44794464;7985,632324
67,43717194;8059,385742
67,41381836;8128,439941
67,40315247;8064,643555
67,39768982;8077,78418
67,38555145;7885,607422
67,35783386;7931,025391
67,3554306;7997,173828
67,34503937;7992,449219
67,33370972;8068,584961
67,32198334;7981,945313
67,32149506;8118,717773
67,32067108;7928,664063
67,31936646;8078,826172
67,30696106;7925,773438
67,30403137;8121,353516
67,29780579;7931,812988
67,29285431;8026,047363
67,29203033;7931,036133
67,27998352;7959,375977
67,27574158;7968,838867
67,27007294;8006,896973
67,25796509;8011,615723
67,24461365;7910,812988
67,24459839;7986,679688
67,24350739;8105,601074
67,2388916;7955,18457
67,23664093;8029,994141
67,23360443;8084,342285
67,2245636;8024,736328
67,21902466;7979,333984
67,20594025;7971,978516
67,2036438;7925,254883
67,19486237;8031,558594
67,19023895;8085,916504
67,1844635;7952,557617
67,17594147;8034,987305
67,17327881;7947,574219
67,16034698;8052,833008
67,15802002;8038,136719
67,15742493;8034,458984
67,14013672;7985,638672
67,14006805;8065,435059
67,13140869;7984,306641
67,13041687;8167,024414
67,11301422;8149,703125
67,10933685;8026,056641
67,08796692;7951,491211
67,08409119;7986,151367
67,08277893;7942,317871
67,07870483;7964,359375
67,06713104;8123,182129
67,06713104;8166,49707
67,06481171;8126,083008
67,05395508;7947,833984
67,0539093;8097,996582
67,04958344;7962,26123
67,04644012;8072,521973
67,03542328;7964,104492
67,03314209;8104,291016
67,01493835;8089,584473
67,00830841;8022,902344
66,98670959;8007,160156
66,98268127;7962,006836
66,97777557;7946,244629
66,97154236;8004,270508
66,9645462;8064,120117
66,95881653;8142,875977
66,95824432;8021,856445
66,95684814;8102,45166
66,95545197;8058,084961
66,95458984;7911,600586
66,92480469;7966,466797
66,91992188;8027,895508
66,9119339;8068,853516
66,90236664;8029,983887
66,89990997;8030,003906
66,89028168;8137,878906
66,8866272;8051,78125
66,87408447;7976,708008
66,86823273;7931,558594
66,86476898;7924,996094
66,86322021;8007,679199
66,86177063;8081,707031
66,85385895;8089,584961
66,84811401;7970,663086
66,8452301;8049,423828
66,84183502;8060,442383
66,83677673;8057,811035
66,83248901;7959,380859
66,82899475;8067,787109
66,82740021;7954,392578
66,82534027;8091,946289
66,82501221;8009,512695
66,82110596;8156,266113
66,80206299;7997,960938
66,79524994;8091,160156
66,7820816;8021,068848
66,77275848;8073,30957
66,76766205;8017,137695
66,75913239;8064,648438
66,75067902;8108,223145
66,74302673;8001,63916
66,73627472;8101,395508
66,71797943;8007,418945
66,71481323;8125,020508
66,70868683;8052,049805
66,69548035;7922,633789
66,68916321;8112,15918
66,67895508;8124,238281
66,67636871;8073,836914
66,67494202;8004,270508
66,65834808;8106,648438
66,64976501;8118,98584
66,63430023;8064,907227
66,60414886;7923,410645
66,60097504;8106,387695
66,5881424;8130,019531
66,56997681;8053,884766
66,567276;8140,51416
66,55094147;7971,459473
66,52307129;7961,219727
66,51659393;8008,46582
66,50767517;8036,03418
66,49635315;8097,193359
66,46605682;8063,33252
66,45839691;7972,24707
66,4157486;8113,475098
66,40538025;8010,041016
66,40174103;8002,166992
66,39983368;8109,791992
66,39590454;8027,362793
66,37056732;7966,990234
66,353508;7943,892578
66,32115173;8053,620117
66,31633759;7945,466797
66,31541443;7958,862305
66,30069733;7989,837891
66,29095459;8021,323242
66,28379822;8040,757813
66,26377106;8013,455078
66,2580719;8173,324219
66,24082947;8000,074219
66,21585083;8000,064941
66,19382477;8011,087891
66,18436432;8029,735352
66,18109894;8018,173828
66,17952728;7952,812012
66,1628952;8021,586914
66,14761353;8156,266113
66,13942719;8091,947266
66,11898804;7969,615723
66,10574341;8027,631348
66,09225464;8078,820801
66,09113312;7981,695313
66,05921936;7972,510742
66,04935455;8082,498047
66,03752899;8005,321289
66,00391388;8018,183594
65,98523712;7971,978516
65,98323822;8060,452148
65,977211;8050,999023
65,94971466;8004,001465
65,93236542;8034,458984
65,9272995;7957,277344
65,89646912;8062,54541
65,87310028;7938,121094
65,82790375;8015,816895
65,78662109;8042,069336
65,7829361;7991,662109
65,77093506;7973,553711
65,75726318;8040,229492
65,71334076;8064,643555
65,68162537;8052,837891
65,66899109;8011,880371
65,66439819;8013,459961
65,64401245;8046,259277
65,60691071;7988,518555
65,55406952;8099,825684
65,53766632;7969,617188
65,53144836;7980,908691
65,52740479;7980,898438
65,51402283;7958,59375
65,46974945;7986,684082
65,44358063;7934,962891
65,4092865;8033,935547
65,3871994;7973,035156
65,36894226;8038,914063
65,35572815;7995,086914
65,35041046;7974,345703
65,31809235;8059,395508
65,27759552;8009,254395
65,23469543;8019,240234
65,19103241;7989,041016
65,18975067;8005,580566
65,15562439;8046,529297
65,14939117;7992,180664
65,1315155;8002,436523
65,11561584;8047,84375
65,04295349;7985,354492
64,80623627;7980,11084
64,56087494;8010,041016
64,18933105;8020,276367
63,49916458;7966,995605
43,88410568;7959,101074
43,81840515;8026,575195
43,81691742;7668,972656
43,81627274;7945,436523
43,81176758;7977,469727
43,7972908;7729,101563
43,78754807;7933,625977
43,61599731;7982,463867
43,56009674;7969,057129
43,50016403;7957,516602
43,48696518;8031,040039
43,45804214;7989,010742
43,42583466;7989,554199
43,41461563;8010,818359
43,40473938;7947,280273
43,40166092;7985,354004
43,37002945;7976,94043
43,35803604;7998,220215
43,32349014;7963,81543
43,28920364;8054,925781
43,2636261;7992,180664
43,25794983;7640,089844
43,18955231;7942,815918
43,18821335;7942,287598
43,15415955;7987,197266
43,14011765;8047,844727
43,13278961;7962,5
43,12578964;7999,515625
43,11956024;8053,354492
43,11371613;7992,708984
43,10730362;7959,360352
43,10672379;7982,462891
43,10500336;7965,658203
43,06481171;8122,932617
43,05337906;7981,675781
43,03011322;7918,408203
43,01807785;8019,743164
43,01224899;8036,024414
43,00618362;7991,393555
42,99969482;8031,030273
42,9978447;7953,848633
42,96567917;8003,741699
42,95811844;7986,409668
42,94943619;7992,978027
42,91896439;7973,802734
42,89866638;8016,59375
42,89100266;8033,920898
42,88804626;7966,446289
42,88632584;7971,699219
42,8854332;8050,474609
42,8815155;8060,442383
42,87958908;7981,157227
42,87413025;7999,276855
42,85393143;7998,738281
42,84789276;7976,164063
42,84710312;8002,157227
42,83961105;8022,105469
42,82339859;8012,662109
42,78668594;7978,785156
42,78593063;8002,157227
42,78412628;7979,832031
42,78221512;8003,472168
42,78162003;8002,147461
42,77732849;8056,764648
42,76333618;8072,242188
42,75855637;7844,355469
42,7468071;7981,157227
42,74423218;8005,037109
42,73994446;7954,626465
42,73685837;7959,888184
42,70443344;8029,202148
42,69995499;7996,126953
42,67975998;8008,725098
42,63529587;8024,731445
42,61556244;8042,850586
42,6115303;8029,20166
42,60501099;7974,066406
42,6037941;8017,645508
42,59459305;7982,204102
42,59109116;8009,501953
42,58585739;8023,162109
42,58371735;8024,731445
42,58008957;7847,773438
42,57511139;7981,93457
42,57187653;7986,140625
42,55876923;8027,632324
42,5550499;7909,469727
42,54735565;7977,216309
42,54602051;8029,994141
42,52349091;7989,559082
42,519207;8037,598633
42,50548172;8015,546875
42,50254059;7895,823242
42,49134064;7996,904297
42,48222733;7806,29248
42,45659637;8031,040039
42,43685913;7739,605957
42,4333725;8067,538574
42,4299469;8029,72998
42,42923737;8023,943359
42,42318344;8089,863281
42,41928864;7996,635742
42,41675186;7740,911133
42,41535568;8054,670898
42,40808105;8035,504883
42,40585327;8047,574707
42,39878082;8107,703613
42,39750671;7906,317871
42,39076233;8001,628906
42,38926315;7964,881836
42,38586044;8027,880859
42,38584518;7927,068848
42,38370514;8070,15918
42,38002396;7934,672852
42,37836838;8026,305664
42,37754822;7966,177734
42,37441635;7929,958984
42,35766983;8026,575195
42,35463333;7939,401855
42,35403442;7953,056641
42,34640503;7906,845703
42,3382225;7808,914063
42,3290863;8033,40332
42,32646561;8072,780273
42,32273483;7989,549316
42,30924225;7980,360352
42,30841064;7982,722168
42,30025864;7972,750488
42,29508972;7981,675781
42,28859711;8110,59375
42,28684998;7946,483398
42,2840271;7965,400391
42,28177643;8028,403809
42,28060913;8017,904297
42,27733231;8002,675293
42,26730728;7830,172852
42,26476288;7952,004883
42,26424408;8010,041016
42,26296997;8085,129395
42,25322342;7998,479004
42,24851227;8007,9375
42,24425507;8071,992676
42,24174118;8082,498047
42,24039078;8076,727539
42,23133087;7854,601074
42,22475433;7877,444824
42,22462463;7798,9375
42,22297287;8044,425781
42,22206497;7996,366211
42,21858215;8003,473145
42,19953537;8035,759766
42,19218445;7867,727539
42,18819427;8043,120117
42,18600845;7958,832031
42,18194962;7965,917969
42,17921448;7941,769043
42,17604446;7929,162109
42,17489624;7982,19873
42,17141342;7992,698242
42,16789246;8054,148438
42,16757202;7733,825684
42,16188812;8034,977539
42,15756607;8001,628418
42,15713501;7913,663086
42,15204239;8017,126953
42,13972092;7838,31543
42,13829803;7781,615723
42,13460541;7995,071289
42,13280869;8041,276367
42,1313858;7972,227539
42,128582;7895,030762
42,10867691;8024,20752
42,10321045;8063,581543
42,09913254;7983,250488
42,09774399;7938,091797
42,09708405;7984,306641
42,09229279;8044,416016
42,08995056;7916,823242
42,08922577;7974,848633
42,08825302;7875,600586
42,08805847;8005,575195
42,08780289;7983,519531
42,07984161;7915,507324
42,07893753;8047,84375
42,07719803;8040,22998
42,07022095;8038,645508
42,06933975;7993,500977
42,06641006;7970,642578
42,05462646;8034,986328
42,04785538;8038,395508
42,04648209;7956,474609
42,03956985;7673,96582
42,03420639;7952,274414
42,0266304;7986,927734
42,02259064;8059,135742
42,01571274;7914,719727
42,01500702;7848,032715
42,01476669;8064,907227
42,01384354;7907,632813
42,01378632;7714,131348
42,00761414;8040,738281
42,0073204;8018,164063
42,00606537;8043,907227
42,00553513;7895,559082
42,00446701;7910,51416
42,00141907;8030,502441
42,00068665;8023,425781
41,99998856;8003,203125
41,99733734;7791,851074
41,99441147;7974,056641
41,99172592;7933,636719
41,98544693;8036,820801
41,98295212;8087,22168
41,9790535;7710,982422
41,97640991;7907,902832
41,96912003;7931,523926
41,96837616;8001,629395
41,96725082;7954,37207
41,96576691;7987,714844
41,96371841;8070,15918
41,96305847;7954,113281
41,95869446;7909,208008
41,95742035;7971,967773
41,95697403;8038,914063
41,95478058;7973,274414
41,95288086;7911,585938
41,94407654;7950,958984
41,93598175;7986,140625
41,93527222;7807,598633
41,93370819;7916,822266
41,93043518;8043,896484
41,930233;7928,902344
41,92721558;7953,051758
41,92679596;7932,838867
41,92420959;8015,024414
41,92401886;7934,942383
41,92295074;7715,457031
41,92106628;7947,011719
41,91908646;7975,895508
41,91878128;8004,777344
41,90995407;7940,453125
41,90454102;8016,862305
41,9004631;7997,422852
41,89459991;8008,974609
41,89101028;8032,874023
41,88475418;8002,674805
41,88410187;8023,416016
41,88368225;8030,776367
41,88263321;8007,658203
41,87997055;7955,42334
41,87779999;8116,892578
41,87266922;7956,739258
41,87207413;7967,244141
41,86880112;8036,810547
41,86645889;8031,299316
41,86547089;7953,061523
41,86077881;7941,500977
41,85963058;7979,583008
41,85251999;8011,087891
41,85026169;7941,5
41,84963608;7927,337891
41,84564209;7947,544922
41,84269333;8000,323242
41,84256363;7896,082031
41,84107208;8002,675293
41,83972549;7960,416992
41,83727646;8025,788086
41,82936096;7808,136719
41,82934189;7940,199707
41,8275528;7959,091797
41,82679367;7892,145508
41,81965256;8002,416016
41,81874466;8012,392578
41,81866074;7940,723145
41,81687927;7951,735352
41,81531143;8162,320313
41,81390762;8034,708008
41,81332397;7841,475586
41,80784607;8019,738281
41,80363464;7944,917969
41,80268097;8024,208008
41,80169296;7997,950684
41,79593658;8012,911133
41,79485703;7769,526367
41,79255676;7955,941406
41,79206848;7969,336914
41,79054642;8042,332031
41,78958893;7972,227539
41,78752899;7823,086914
41,78334427;7923,649902
41,78310013;7942,02832
41,78155136;7981,411133
41,78131104;8045,217285
41,77402496;8027,357422
41,77198029;7979,583008
41,76981354;7980,87793
41,76784515;7967,75293
41,76425552;7977,998047
41,75925446;7963,038086
41,75759125;7975,367188
41,75681686;7924,964844
41,75641632;8000,054688
41,75168991;8042,860352
41,7508316;8005,038086
41,74979401;7934,682617
41,7492981;7839,631348
41,74767303;8024,736328
41,74762726;8024,472656
41,74727631;8030,512695
41,7456131;7945,975098
41,74501038;7961,194336
41,74500656;7944,390137
41,74370575;8011,34668
41,74365997;7940,462891
41,74334717;7979,832031
41,74134827;8044,166992
41,74010849;7987,715332
41,73721313;8097,198242
41,7358284;7962,768555
41,73447037;7937,822266
41,73330688;7914,719727
41,73244476;8035,764648
41,7310791;7985,612793
41,72915649;7963,291992
41,72716522;8007,150391
41,72693253;8000,841797
41,72480011;7996,645508
41,72276688;7976,433594
41,7219162;8005,564453
41,72137833;7792,369141
41,7201767;8008,455566
41,72013855;7964,612305
41,71935272;7966,715332
41,71313858;7915,78125
41,71300888;7764,801758
41,71136093;8010,03125
41,71073532;8001,359863
41,71011734;8001,888184
41,70832443;8056,773926
41,70800018;8084,860352
41,70780563;7969,865234
41,70737839;7963,296875
41,70573425;7957,008789
41,70572662;8007,150391
41,70396805;8150,770508
41,6993866;7828,598633
41,69762421;8042,322266
41,69261932;7793,68457
41,69167709;7714,131348
41,68630219;8006,099121
41,68371964;8018,961426
41,68225861;8019,479492
41,68211365;7967,498047
41,68054581;7914,459961
41,67554474;8023,166992
41,67515564;7958,044922
41,67321014;7990,335938
41,67256165;8120,571289
41,67230225;7897,65625
41,67201614;7991,393555
41,67061615;7973
41,67060852;7923,650391
41,67044449;8022,62793
41,67002487;7989,290527
41,66973114;7963,556641
41,66610718;7758,50293
41,66242981;8043,637695
41,66241455;8035,500977
41,66135406;7964,612793
41,6607666;8044,166016
41,66069794;7970,902344
41,66010284;7944,131836
41,65828705;8011,345703
41,65807343;8053,091797
41,6532402;8008,983887
41,65202332;7967,762207
41,64754486;7907,892578
41,64597321;8093,251953
41,64328766;7933,357422
41,63996506;7839,361816
41,63990784;7971,688965
41,63975906;8062,01709
41,6397438;7967,492188
41,63939285;8012,930664
41,63834;7992,968262
41,63475037;8053,355469
41,6335907;8003,472656
41,63311386;8018,442383
41,63293839;8065,962891
41,62956238;8019,469727
41,62654495;7946,763184
41,62430954;7956,210938
41,62028885;8033,925781
41,61996841;8043,638672
41,61876678;7957,257813
41,61476517;8027,093262
41,61447525;7786,339844
41,61379623;8031,827148
41,61242294;7906,068848
41,60971451;8021,313477
41,60892487;7950,958496
41,60389709;7970,912109
41,59890366;7998,220215
41,59821701;7946,493652
41,59620285;7702,051758
41,59309769;8029,983398
41,5923233;7900,018555
41,5879097;8032,604492
41,58727646;7864,049316
41,58630371;8015,277832
41,58583832;8070,149902
41,58572006;8114,799805
41,58492279;8028,9375
41,58485031;8084,870117
41,58472824;7767,173828
41,58469009;8023,954102
41,58094406;8094,049316
41,58078384;7573,154297
41,57981873;8059,913574
41,57794189;7975,366699
41,57522964;7699,699219
41,57466507;7989,030762
41,57290268;7947,540039
41,57270432;7912,098633
41,5723877;7975,905273
41,57132721;7961,97168
41,57014465;7770,851563
41,56936646;8031,827148
41,56890106;7728,064453
41,56806946;8071,734375
41,56652069;7987,177246
41,56570435;8016,598633
41,56162262;8066,212891
41,56151199;7985,881836
41,56115723;7980,628906
41,55836105;7962,769043
41,55754852;7384,09668
41,55475998;7985,083984
41,5545845;8029,983887
41,55457306;8119,254883
41,55238342;8207,469727
41,5489502;8031,299805
41,54833984;7952,533203
41,5474205;7831,498535
41,5472908;8046,259277
41,54650116;7662,414551
41,54564285;7961,723633
41,54560089;7957,785645
41,54463196;7999,266113
41,54307938;7887,680176
41,54242706;8012,920898
41,54098892;8016,599121
41,53801727;7971,967773
41,53778458;8014,76416
41,53696442;7948,865234
41,5367775;8009,243164
41,53636932;8005,047852
41,53526306;7999,525391
41,52951813;8071,465332
41,52905655;8034,712891
41,52745438;7954,885254
41,5205574;8021,591797
41,51931;7990,087891
41,51766205;7901,862793
41,51488113;8019,748047
41,51266861;7981,945313
41,51105881;8058,867188
41,51049042;7918,666992
41,50669861;7974,589355
41,50634003;8026,833984
41,50627136;7866,420898
41,50472641;7924,701172
41,50444794;8012,124512
41,50407028;8017,117188
41,50387192;8036,282715
41,50365829;8077,246094
41,50146484;8137,892578
41,49874878;8058,857422
41,49871826;7867,996094
41,49786758;8050,724609
41,49623108;7932,0625
41,49500275;7728,842773
41,492836;7948,327637
41,49052811;7712,288086
41,48043442;7927,586426
41,47961807;7924,96582
41,47564697;7972,754883
41,47292328;8092,733398
41,47016907;8162,839844
41,46734238;8001,110352
41,4671936;7951,476563
41,46664047;7975,38623
41,46421814;7929,958984
41,46286774;7969,336914
41,46261597;7945,975098
41,46242905;7984,037598
41,4617424;8015,552734
41,46068192;8048,113281
41,46004486;8019,748047
41,45940399;7961,463867
41,45631027;8076,717773
41,45615005;8013,962402
41,45594025;8005,047852
41,45465469;7988,762207
41,45159531;7978,007813
41,4513588;7931,26416
41,45092392;7898,708496
41,44878006;7935,729492
41,4426384;8010,030273
41,44226837;7983,254883
41,44184875;8061,757813
41,44083405;7997,432617
41,44060135;7990,086914
41,43867111;8074,086426
41,43860626;8019,484375
41,43557739;7962,77832
41,4354248;7877,444824
41,43445206;8011,341309
41,4324913;8051,771484
41,43153;8045,47168
41,43105316;8054,930664
41,42801285;8018,951172
41,42779541;8058,080078
41,42630005;8012,392578
41,42628479;8041,535645
41,42574692;7803,661133
41,42424393;8032,614746
41,42071152;7974,589355
41,41889954;7919,444336
41,41798019;7882,697266
41,41540146;8059,405273
41,41085434;8032,086914
41,40539551;8044,68457
41,40378571;7987,974609
41,40239334;7995,588867
41,40214539;7964,602539
41,40212631;8011,086914
41,40032959;8020,536133
41,39990997;7966,187988
41,39962006;7754,038086
41,39953232;7986,664063
41,39917755;8042,322266
41,39878845;8023,157227
41,39792252;7951,745117
41,39619446;7996,899414
41,39243698;7969,59668
41,39237213;7945,955078
41,38959503;7964,871582
41,38946152;8016,080078
41,38920593;7992,439453
41,38557816;8080,405273
41,38240433;8054,919922
41,38002396;8046,000488
41,37875748;8013,703125
41,37824249;8122,155273
41,37611008;8010,817383
41,37495041;7992,958008
41,37346649;7933,625977
41,37208939;8018,960449
41,37103271;7781,345703
41,36998367;8017,64502
41,36984634;7994,27832
41,36917496;8011,086914
41,36661911;8015,288086
41,366539;7940,712891
41,36626053;8038,390625
41,36434555;8049,428711
41,36246872;8027,625977
41,36187363;7726,210938
41,36172867;7812,591797
41,35875702;8030,243164
41,35650253;8013,179688
41,35518265;8138,949219
41,35383987;7723,330078
41,35295868;8042,073242
41,35050964;7736,706055
41,34752655;7990,34668
41,34331894;8026,306641
41,34194183;7944,400391
41,34135437;8010,823242
41,34076309;7907,364258
41,33930206;7961,98584
41,33486176;8151,546875
41,33427429;7942,297363
41,33398056;8016,070313
41,3335495;7939,676758
41,3331871;7983,250488
41,33223343;7994,01416
41,331604;7947,549805
41,33084869;7940,454102
41,32671738;7973,268555
41,32426071;8058,867188
41,32398987;8048,631836
41,32199478;8051,252441
41,32197571;8009,501953
41,31900024;8002,426758
41,31878662;8006,09375
41,31733704;7964,881836
41,31555557;7998,469238
41,31552887;7785,273438
41,31378555;8007,399414
41,31267166;8062,535156
41,30707932;7983,783691
41,30693436;8014,749512
41,30558777;7945,965332
41,3053894;7963,820313
41,30452728;7949,373535
41,3041687;8044,954102
41,30313873;7981,416016
41,30099869;7937,563477
41,30077744;8017,919922
41,30012512;7962,250977
41,29983139;7947,540039
41,29927826;8134,484375
41,29905319;7996,376953
41,2960434;8035,246094
41,29573822;8008,186523
41,2909317;8050,983398
41,28828812;8038,913086
41,28758621;8004,259766
41,28755188;7928,364258
41,2861557;8038,64502
41,28592682;7673,96582
41,28562546;7988,23291
41,28554916;7940,981934
41,28509521;8015,283203
41,28339767;7943,603027
41,28020859;8034,19043
41,27817535;8033,920898
41,27448273;8045,482422
41,27423477;7997,422852
41,27397156;7929,170898
41,27353668;8058,598633
41,27339935;8040,229492
41,27298737;8089,31543
41,27215195;7927,845703
41,27000046;8053,619629
41,26972961;7980,360352
41,26960373;8015,541992
41,26937103;8028,140625
41,26894379;8005,56543
41,2677536;7991,388184
41,26706314;8187,527344
41,26577759;7981,406738
41,26491928;7998,748047
41,26421738;8069,102539
41,26256943;7953,84375
41,26145554;7961,45752
41,26103592;8042,062988
41,2592659;7853,026367
41,25443268;8011,864258
41,25154114;7915,507324
41,2513504;7947,549805
41,24959946;8205,367188
41,24798965;8060,700684
41,245327;8023,679688
41,24331665;7973,532715
41,24188614;7980,619141
41,24069977;7993,236816
41,24022293;7965,928223
41,23941803;7923,654297
41,23811722;8040,224121
41,23729706;8082,238281
41,23423004;8153,659668
41,23402786;8044,943848
41,2322464;7796,056641
41,23212051;8013,444336
41,2315712;8075,680664
41,23067856;7999,256836
41,2305069;8074,624512
41,22830582;8006,612305
41,22380066;7970,652344
41,22348022;7822,568359
41,22186279;8025,52832
41,22161865;8102,710449
41,21160889;8054,930176
41,2114296;8061,229492
41,21108246;8000,832031
41,21066666;8018,432129
41,20989227;8083,285156
41,20849228;8024,472656
41,20816803;7950,171387
41,2078476;8016,330078
41,20776749;8013,439453
41,20715332;8003,737305
41,20679092;8037,867676
41,20541;8030,770508
41,20468521;7978,785645
41,19975281;7950,171875
41,19887543;7976,682617
41,19778824;7974,31543
41,19713211;8036,023438
41,19655991;7965,664063
41,19636917;7953,589844
41,19596863;8081,980469
41,19432831;7882,427734
41,19262314;8009,770996
41,1913147;8052,035156
41,19105148;7922,074707
41,19022369;8030,78125
41,19001389;8026,575195
41,18841934;7988,244141
41,18797684;7926,809082
41,18650436;7998,469727
41,18628693;7991,134766
41,18455505;7982,986328
41,18416977;8026,306641
41,18354797;8029,1875
41,18210983;8058,348633
41,18158722;8039,959961
41,18138504;8015,541992
41,17824173;7974,858887
41,17814636;7923,380859
41,17791367;8007,9375
41,17683792;7916,035645
41,17348862;8056,245605
41,17267609;8012,393066
41,17111206;8026,051758
41,17025757;8041,266113
41,16811371;7988,772461
41,16454697;8026,834473
41,15901947;7999,526367
41,15872574;7933,636719
41,15831757;8007,130859
41,15776062;8074,634766
41,15621948;8024,212891
41,15501785;7945,969727
41,15395737;7702,838867
41,15262985;8010,558594
41,15255737;7911,580078
41,15145874;7794,731445
41,14779282;8043,119629
41,14673996;7981,935547
41,14653778;8000,850586
41,1464386;7947,819336
41,14506912;7992,439453
41,14463425;8070,6875
41,14333725;8042,062988
41,14222336;8126,621094
41,14202881;8025,000977
41,14041519;8145,507324
41,14039612;7993,496094
41,13966751;7974,320801
41,13934708;8033,402344
41,13858795;7933,895996
41,13820648;8050,21582
41,13745499;7994,003906
41,13716125;8098,51416
41,13711929;7948,860352
41,13641739;8018,692383
41,13588715;7972,745117
41,13455582;7795,788086
41,13419724;7998,489258
41,13394928;7956,997559
41,13226318;7985,352539
41,13063431;7980,623535
41,12986374;8047,844727
41,12981796;8067,278809
41,12924957;8132,640137
41,12901306;7960,416992
41,12736893;7990,077148
41,12641907;8005,057129
41,12451172;8025,77832
41,12325668;8010,818359
41,12063599;7901,075195
41,11927795;8067,009766
41,11509705;8001,10498
41,11500549;7728,83252
41,11479568;8078,820313
41,11460876;7930,73584
41,11222076;8018,702148
41,1111412;7975,641113
41,10935974;8065,165527
41,10773468;8076,189453
41,10716629;8032,86377
41,10234451;7753,250977
41,10148621;7988,501953
41,10095596;8034,976563
41,10065842;7715,975586
41,09545135;8040,483398
41,09420776;7984,556641
41,09392166;7967,233398
41,09049606;7746,951172
41,09005356;8097,707031
41,08998108;8008,455566
41,08969879;8082,751953
41,08918381;7919,713379
41,08904266;7950,171387
41,08620453;8069,640625
41,0842514;8083,020996
41,08277512;8150,490234
41,08273697;7976,164063
41,0815506;8070,947266
41,07966614;8039,706055
41,0750351;7934,683105
41,07339478;7958,832031
41,07338715;8065,429688
41,07328033;8089,056152
41,07255554;8082,23877
41,07226181;8007,399902
41,07163239;8016,858398
41,06908798;8044,435547
41,06811142;8008,714844
41,06648636;7857,491211
41,06641388;8022,369629
41,06310654;7969,601074
41,06024551;8027,103027
41,05806351;8015,552734
41,05690002;7968,549805
41,05503464;8131,863281
41,05409241;7891,617188
41,0537796;8102,192383
41,052742;8076,448242
41,05256271;8026,046875
41,05180359;7991,129395
41,05067825;7972,486816
41,0503006;8044,954102
41,04892349;8016,071289
41,04674911;7824,402344
41,04367065;8106,666992
41,04278183;8012,661621
41,04203415;7983,768555
41,041996;8020,007813
41,03921127;8058,349609
41,03590775;7730,935547
41,03590775;8006,083496
41,03530121;7985,608398
41,0348587;8048,630859
41,03454208;8068,584961
41,03365326;7995,847656
41,03227615;8008,191406
41,03150177;8037,608398
41,0291481;8021,059082
41,02866745;8060,442383
41,02845383;8006,616211
41,02732468;8107,704102
41,02555847;8131,329102
41,02462006;7950,689453
41,02402878;8003,72168
41,02397537;7947,797852
41,02350616;7996,366211
41,02130127;8071,744629
41,02099228;8047,584961
41,0207634;8115,049805
41,01857758;8035,241211
41,01854324;8069,108398
41,01830673;7954,635742
41,01800537;7985,362793
41,01734924;7829,655273
41,01551437;8058,876953
41,01502609;8003,996094
41,01128006;7988,761719
41,0112648;8061,757813
41,01076126;8015,292969
41,00973129;8052,827637
41,00961304;7729,888672
41,00909805;8088,538086
41,00506973;8029,46582
41,00498199;7983,519531
41,00350571;8003,203613
41,00248718;8011,874512
41,00217056;8027,103516
41,00114059;8005,833984
40,99834442;8007,667969
40,99767303;8177,021484
40,99764252;7992,17041
40,99760437;8073,303711
40,99635696;8000,841797
40,99351501;8004,52002
40,99242783;7961,20459
40,99139023;8105,870117
40,99124527;8166,247559
40,99079514;8024,213379
40,99077225;8056,509766
40,98852921;8021,063477
40,98790359;8009,243164
40,98712158;7906,846191
40,98412323;7972,227539
40,98215103;8087,481445
40,98109055;8007,917969
40,98105621;8019,743652
40,98018265;8012,921387
40,98000336;8049,667969
40,97901917;7681,581055
40,9767952;7999,256836
40,97509766;8002,939453
40,97118378;7980,888672
40,9706192;7751,157715
40,9695282;7994,283203
40,96685028;7953,310547
40,96671295;7979,572266
40,9661293;8037,598633
40,96527863;8021,58252
40,96430206;7994,283203
40,96250153;7936,258301
40,96213913;8137,364258
40,96049118;8029,724609
40,95842743;8031,827637
40,9550209;7894,238281
40,95468521;8114,271484
40,95340347;7931,006348
40,95323181;8076,458008
40,95211792;7783,708008
40,95207214;8005,56543
40,95077515;8013,174805
40,95061874;8100,618164
40,95032501;8009,507324
40,94962692;7988,244141
40,94933319;7974,060547
40,94894028;8074,883789
40,9405899;7918,397461
40,9393692;8044,685059
40,93920898;7968,79834
40,93777847;8019,748535
40,93571472;8057,02832
40,93465042;8101,405273
40,93455887;8080,394531
40,93310165;8002,935059
40,93203354;7976,95166
40,93060303;7984,038086
40,92926788;8005,82959
40,92811966;8054,15332
40,92499924;7893,450195
40,92280579;8022,379395
40,92179108;8084,331543
40,92111969;8064,90625
40,92105484;7971,170898
40,9188118;8003,742188
40,91485977;7949,115234
40,91474533;8153,919922
40,91408157;7761,383789
40,91348648;8047,051758
40,91328049;7966,706055
40,91328049;8029,724609
40,91211319;7781,615723
40,91202164;7984,571289
40,90887833;8071,206055
40,90868378;8093,785156
40,90755463;8065,43457
40,90709305;7927,865723
40,90415192;8025,788086
40,90221405;8039,705566
40,90192032;8174,649414
40,90189362;7980,619141
40,8983078;7963,556641
40,8978653;8062,544922
40,89753723;8164,932129
40,8968811;7923,650391
40,89551163;8088,786621
40,89526367;8031,30957
40,8891983;8060,172363
40,88836288;7947,541016
40,88493729;7960,666016
40,8844223;7782,671875
40,88434601;8104,03125
40,88235855;8056,504883
40,87945175;8013,189941
40,87792969;7998,728516
40,87605286;8147,878906
40,87598801;8041,006348
40,87447357;8002,944824
40,87384415;8055,986328
40,87356567;7965,918945
40,8732872;7989,554199
40,87326431;8090,630371
40,87129593;8062,275391
40,86897659;8031,299316
40,86831284;7968,285156
40,86822128;8019,489258
40,86470413;8117,161621
40,86445618;8019,479492
40,86277771;8022,62793
40,85695267;7983,777832
40,85653305;8058,07959
40,85317612;8000,572266
40,8527565;8077,504883
40,85171127;7997,433105
40,85043716;8015,8125
40,84954071;8126,34082
40,84756851;8176,75293
40,84668732;8077,503906
40,84662247;7776,62207
40,8454628;7790,804688
40,84431076;8023,685547
40,84327316;8060,182129
40,84176636;8038,126953
40,83893967;7981,945313
40,83266449;7949,378906
40,83154297;7974,320801
40,83133316;8011,335938
40,83079147;7907,643066
40,8306694;8176,493164
40,83003235;7780,041016
40,82981491;7977,749023
40,82641602;7972,480957
40,82640076;8034,977539
40,82354355;7962,240234
40,82320786;8017,649414
40,82278442;8080,135742
40,82256699;8007,40918
40,81951904;8077,774414
40,81931686;8006,353516
40,81827927;7981,157715
40,81788635;8000,572266
40,8174057;7959,370117
40,81431961;8043,628906
40,81281662;7773,742188
40,8117485;8060,452148
40,8116684;8096,944336
40,81087112;7911,838867
40,81068039;8020,006836
40,80957413;7997,951172
40,80947495;8062,540039
40,80931854;8104,026367
40,80879211;8092,464844
40,80842209;7998,46875
40,8079834;8048,362793
40,80793381;8020,276367
40,80704498;7809,442383
40,80687332;7961,72168
40,80650711;7986,668945
40,80569077;7829,654297
40,80260849;8023,166992
40,80001068;7881,381836
40,79787445;7948,855957
40,79644012;7903,707031
40,79462433;7983,509277
40,79402542;7906,058105
40,79380798;8042,581055
40,79314423;8012,921387
40,7919426;8186,464844
40,79187012;8046,52832
40,79101944;8051,776367
40,79054642;8070,957031
40,7902832;8062,549805
40,78766251;7995,847656
40,78697205;8070,418457
40,78549576;7940,453613
40,78527069;8082,756836
40,78427887;7998,738281
40,78369522;7991,662109
40,78095627;7928,643555
40,77999496;8126,082031
40,77816772;8038,914063
40,77696991;8030,511719
40,77191544;7856,962891
40,77140045;8028,677734
40,77118301;8015,019043
40,77085495;8005,041992
40,77025986;7998,744141
40,77005005;7941,769043
40,76857376;7971,694824
40,76733017;8007,141113
40,76657867;8002,954102
40,76652527;8037,080078
40,76531601;7993,759766
40,76528549;7806,821777
40,76413345;8031,827637
40,7635498;7936,247559
40,7631073;7918,133789
40,76207733;7995,324707
40,76162338;8050,459961
40,75883865;8096,142578
40,75850677;8092,21582
40,758358;7952,274414
40,75827789;8056,505859
40,75708389;7901,06543
40,7533989;8010,818359
40,75067902;8059,644531
40,74907303;8101,39502
40,74880219;8078,830566
40,74849701;8020,53125
40,74581146;7984,82959
40,74479675;7982,990234
40,74450302;8151,806641
40,74336624;8048,367676
40,74257278;8032,624512
40,74160385;7998,209961
40,74093628;8141,041992
40,74071884;8066,481445
40,73760986;7960,147461
40,73746109;7906,846191
40,7358017;8053,097656
40,73475647;7970,393555
40,73199081;8020,016602
40,73186111;8125,553711
40,72963715;7973,014648
40,72889709;7931,793457
40,72861099;8002,157227
40,72726822;7958,841797
40,72724152;8170,18457
40,72719955;8011,077148
40,723423;7965,917969
40,72296143;8015,800781
40,7219162;7995,858398
40,71866608;7979,842285
40,71681976;7979,308594
40,71535873;8021,063477
40,71344757;8126,610352
40,71234131;8126,610352
40,71189117;8093,520508
40,7113533;8138,949219
40,71023941;7874,564453
40,7098732;8077,514648
40,70706177;8028,40918
40,70549011;7948,068359
40,70540237;8022,120117
40,7048111;8008,720703
40,70368195;7956,459961
40,70355988;8092,464355
40,70206833;7803,392578
40,70147705;7982,453125
40,70014191;7985,084473
40,69834518;8111,640137
40,69828415;8016,598633
40,69718552;8070,677246
40,69661331;8012,397461
40,69642258;8039,710938
40,6931572;7989,290039
40,6919632;8084,341797
40,69086838;8041,535645
40,68967056;7969,865234
40,68492889;8014,226563
40,68214798;8043,638672
40,68197632;7999,267578
40,68151855;7837,268555
40,67880249;7904,224609
40,67793655;8093,262207
40,67768097;8055,718262
40,67271805;8016,329102
40,67075729;7965,140625
40,66998291;7973,015137
40,66945267;8086,953125
40,668293;8036,29248
40,66519928;8092,474609
40,66268158;8031,558594
40,65933228;8044,943848
40,65917969;7792,897461
40,65766525;8023,157227
40,65701294;8143,932617
40,65275955;8104,554199
40,65227509;7980,629395
40,6508255;7998,220215
40,64924622;7937,293945
40,64818192;8093,790527
40,64535522;7990,078125
40,64382553;7940,97168
40,6416626;8139,995117
40,6412468;8113,215332
40,63563538;8094,049316
40,63468933;8020,006836
40,63329315;8036,552246
40,63137817;8054,412109
40,62763214;7990,336914
40,62710571;8057,282227
40,62533951;8004,782715
40,62529373;7953,320313
40,62466812;8041,544922
40,6223259;8008,984863
40,62211609;7970,912109
40,62165833;7994,023926
40,62079239;8038,918945
40,62046814;8103,766602
40,6190567;8078,033203
40,61655426;7891,357422
40,61624146;8037,080566
40,61623383;8062,285645
40,61530304;8048,362305
40,61416245;8083,030762
40,6136322;8170,18457
40,61269379;7958,049805
40,61207199;8138,679688
40,6103096;7972,477051
40,60856628;8005,824219
40,6075592;7795,77832
40,60728836;7976,164063
40,60699081;8176,484375
40,60588455;8131,852539
40,60520554;8038,126465
40,60453796;7938,609375
40,60453796;7967,239746
40,60430908;8089,0625
40,60125732;8040,743164
40,59936142;7965,658691
40,5982666;7976,15918
40,59734344;8078,560547
40,59592438;8031,030273
40,59407425;8093,530273
40,58937454;7997,692383
40,58556366;8125,55957
40,58342361;8017,654785
40,57903671;7764,537109
40,57799149;8032,614746
40,57767868;7956,470703
40,57736969;8098,514648
40,57595825;8091,956055
40,57575607;7978,785645
40,57456207;7921,546875
40,57409286;8033,670898
40,57051849;8011,864258
40,57017136;7668,185059
40,56789017;8057,561523
40,56732941;7970,652344
40,56726837;8134,479004
40,56654358;7911,838867
40,56565857;7962,250977
40,56517792;8078,291992
40,56497574;8125,030762
40,56403732;7985,602539
40,56346512;7984,834961
40,55953979;8084,352539
40,55888748;7993,226563
40,55786896;8049,67334
40,5562973;8109,796875
40,55516815;8030,771484
40,55486298;7905,541016
40,55472183;7962,240234
40,5540123;7742,227539
40,55146408;8151,547363
40,54912949;7493,062012
40,54750443;7945,706543
40,54673767;7952,274414
40,54663467;8207,998047
40,54652023;7948,328125
40,54534912;8030,51123
40,54475021;7799,207031
40,54470825;7967,761719
40,54445267;7842,251953
40,54318237;8067,533203
40,54276657;7758,503418
40,54113007;8143,932617
40,54106522;8174,90918
40,54045868;7994,273438
40,53634262;7999,256836
40,53562546;8003,731934
40,53540421;8028,668945
40,53236389;8012,920898
40,5320282;8193,297852
40,5317421;7996,905273
40,53156281;8040,748047
40,53136063;8048,103516
40,52991867;8000,582031
40,52700043;7954,117676
40,52694702;8090,631836
40,52637863;7819,418945
40,52236176;7593,615234
40,52184296;7991,911133
40,51975632;8027,353027
40,519104;8064,119141
40,51781845;8030,770996
40,5129509;7949,125
40,51218414;8073,836914
40,51119232;8023,68457
40,50813675;8098,51416
40,5077095;7976,432617
40,50754547;8022,110352
40,50489807;7996,386719
40,50435638;7972,496094
40,50432968;7968,554688
40,50413513;7947,021484
40,5041275;7950,166992
40,50343704;8029,196289
40,50304413;8028,140625
40,49921036;8007,140625
40,49887466;7741,180664
40,49742508;8142,886719
40,49741364;7961,204102
40,49714279;8125,035156
40,49468613;8052,299805
40,4942627;8028,149414
40,49402237;8034,194824
40,49328613;7984,834961
40,49131393;8007,668945
40,48987579;8090,899414
40,48986816;8011,874023
40,48765564;8103,757324
40,48667908;8015,023438
40,48630905;8095,09668
40,48552322;8066,222656
40,4786377;7839,631348
40,47812653;8103,766602
40,47788239;7955,154297
40,4767189;8061,757324
40,47662735;8175,707031
40,4749527;7984,824219
40,47421646;8073,831543
40,47328186;8055,722656
40,47211075;8011,086914
40,47151184;8017,111328
40,47131729;8122,135742
40,46935272;8019,479492
40,4692421;8053,874023
40,46914291;8079,348633
40,46912384;8120,570313
40,46691895;8015,811523
40,46644592;7953,056641
40,46477509;8193,816406
40,46365356;8028,149414
40,46340179;8018,951172
40,46158981;8014,486328
40,46051025;7839,123047
40,45941162;8012,661621
40,45825958;7985,34375
40,45700836;7858,268555
40,45519638;7938,888672
40,45239258;8020,012695
40,44743729;7951,487305
40,44672012;8196,4375
40,44631577;7760,078125
40,44457626;8112,164063
40,44366837;7989,030762
40,44346619;8066,745117
40,44345093;7939,936035
40,44312668;8060,182617
40,44295502;8062,011719
40,44021988;8111,650391
40,43941879;8039,691406
40,43717575;8076,722168
40,43686295;8095,355469
40,43582535;7999,535645
40,43432236;8038,126953
40,4330864;8076,717773
40,43299484;8038,904297
40,43298721;8116,369141
40,4322319;8131,324707
40,4314537;8036,561523
40,42984772;8074,619141
40,42832184;8005,047363
40,42766571;8086,95752
40,42761612;8010,03125
40,42720413;7937,304688
40,42635727;8109,54248
40,42633438;7990,335938
40,4261322;7975,107422
40,42607117;8112,168945
40,42552567;7998,215332
40,4253273;8013,449219
40,42472839;8227,951172
40,4244957;8013,439453
40,42324066;8061,757813
40,42280197;7776,611816
40,42268753;8112,687012
40,42210388;7746,682617
40,42103577;8119,77832
40,42093277;8080,922852
40,42074203;8093,779785
40,42002869;8119,245117
40,41994095;7939,138184
40,41943741;8118,736816
40,41749954;8015,546875
40,41727066;7980,359863
40,41654205;8057,029297
40,41581345;8005,047852
40,41393661;7954,636719
40,41337967;8045,736328
40,41104889;8003,203613
40,41021347;8012,920898
40,40997314;8090,102539
40,40641022;8005,825195
40,40582657;7983,77832
40,40272903;8081,970703
40,40238953;8107,703613
40,40066528;8066,217285
40,40045547;8066,481445
40,39918137;7990,077148
40,39799881;8003,980469
40,39533997;8041,808594
40,39513779;8020,266602
40,39199448;8022,11084
40,38868332;7984,56543
40,38500977;8116,364746
40,38410568;7963,02832
40,38404465;8089,056152
40,38304901;8092,73877
40,38280106;7956,206055
40,38158798;7976,682617
40,38064194;7969,865234
40,38025665;7996,645508
40,38020325;8046,523438
40,37962341;7963,287109
40,37810516;8044,68457
40,37754059;8034,728516
40,37719727;8166,257813
40,37534332;7928,115234
40,37532425;7962,520508
40,37518311;8088,019531
40,37482071;7977,209961
40,37130356;7992,180664
40,3710289;8055,986816
40,37093735;7974,589355
40,36880875;8016,339844
40,36789703;8010,294434
40,3650322;8054,402344
40,36425781;7928,892578
40,3638916;7734,87207
40,36380768;8065,166504
40,36058044;8066,481445
40,35965347;8010,030273
40,35682297;8046,518555
40,35657883;7970,382813
40,35470963;8032,615723
40,35446167;8116,624023
40,35246658;8009,512695
40,35205078;8077,509766
40,34896088;8006,09375
40,34745026;8035,240723
40,34678268;8134,743164
40,34561157;8118,996094
40,34518814;8093,262207
40,3445282;8014,496094
40,34363556;7986,668945
40,34311295;7990,605957
40,34288406;8102,720703
40,3418808;7964,084961
40,34126663;8055,966797
40,34109116;7984,306641
40,34061432;7986,151367
40,34003448;8011,34082
40,33988571;8017,64502
40,33982086;8170,18457
40,33898544;8053,355469
40,33544159;8013,449219
40,33391953;7924,70166
40,33264542;8041,799805
40,33204269;8017,125977
40,3307457;8040,219727
40,33033752;8027,362305
40,32641602;7987,197266
40,32530212;8052,298828
40,32476044;8038,390625
40,32393265;8029,201172
40,32337189;7989,020508
40,32258987;7980,624023
40,32241058;8029,207031
40,31790543;8085,37793
40,31488419;8048,092773
40,31440353;8015,806152
40,31433105;8043,110352
40,31074524;8101,65332
40,3070488;8040,748047
40,30677032;7914,729492
40,30541611;7956,739258
40,30379486;8113,214844
40,30097961;7967,233398
40,30078888;8024,472656
40,2971611;8018,696289
40,29420471;7976,163574
40,29151154;8105,336914
40,29084015;8079,876465
40,2907753;8045,213379
40,29070282;8027,880859
40,28979492;8122,145508
40,2894783;7991,652344
40,28926086;8018,442383
40,28910065;8159,679688
40,28760529;8016,080078
40,28657913;8042,855957
40,28381348;8055,188965
40,28190994;8071,464844
40,28181076;8004,260254
40,27843094;8018,433105
40,27824783;8096,152344
40,27759171;8024,741211
40,27619553;7956,200684
40,27597046;7963,02832
40,27584839;7907,105469
40,27549744;8048,880859
40,27534485;8038,121094
40,27519226;8008,715332
40,27381897;8059,654297
40,27293777;8157,059082
40,27117538;7979,054688
40,27068329;7987,969727
40,27056122;7888,198242
40,27044678;7790,017578
40,27021027;8089,584473
40,26808548;7982,981445
40,26508713;8069,631348
40,26477814;8081,1875
40,26319885;7966,177734
40,26173782;8064,38916
40,26131821;7922,598633
40,26081467;8159,69043
40,26014709;7949,652344
40,258358;7729,898438
40,25808716;8021,591797
40,25671768;7989,549316
40,25494766;7952,004883
40,25210953;7960,935547
40,25006104;8156,011719
40,24605179;7787,655273
40,24566269;7955,154785
40,24450684;8043,638184
40,24442673;8054,930664
40,24282455;8008,724609
40,24025345;8094,836914
40,23793793;8156,800293
40,23778534;7987,187012
40,23704147;8053,345703
40,23628616;8003,203613
40,23418045;7958,841797
40,23366165;8058,080078
40,23337936;8112,691406
40,23288727;7986,399414
40,23207092;7830,442383
40,23203278;7971,180664
40,23180771;8134,733398
40,23152924;8060,965332
40,23084259;8019,219727
40,23019028;8034,708008
40,22855759;7873,23877
40,22842026;8034,443359
40,22753906;8130,288086
40,22550201;8115,05957
40,22489166;7998,469727
40,2243309;8048,092773
40,22314453;8039,432617
40,22182846;8055,443359
40,22132874;7961,194336
40,22083282;8128,438477
40,22026825;8052,049805
40,21925735;8114,794922
40,21844864;8003,194336
40,21744919;7964,353516
40,21706009;8025
40,21637726;8084,870117
40,21504974;7744,320313
40,21395493;8068,056641
40,21202087;8063,341797
40,21052551;7972,486328
40,20743561;8126,605469
40,20687866;7985,611328
40,20410156;7989,030762
40,20407867;8050,459961
40,20186615;8121,876465
40,20130539;8067,269531
40,19946289;8018,691895
40,19845581;8110,853516
40,19763184;7988,50293
40,19539261;8000,053711
40,19511032;7859,056152
40,19467163;7993,745117
40,19354248;8008,714844
40,19279861;7986,927734
40,19245911;7866,680176
40,18875885;8131,583984
40,18841934;8191,987305
40,18778229;8037,862305
40,18770218;8009,25293
40,18293381;8012,133789
40,18183136;8181,750977
40,18182373;8063,601563
40,18096924;8091,692383
40,18084335;8013,444336
40,17821884;7994,273926
40,17731094;7947,280762
40,17657852;8038,38623
40,17639923;7944,918457
40,17307663;7973,014648
40,17260742;8075,67041
40,17163467;8110,066406
40,16982651;8106,124023
40,16963959;8079,079102
40,16858292;8011,605469
40,16627121;8047,575195
40,16363907;8037,598633
40,16322327;8035,495605
40,16157532;8093,780273
40,16035843;7960,670898
40,15990829;8015,810547
40,15979004;7998,748047
40,15790176;7978,515625
40,1578064;8053,09668
40,15680695;7988,501953
40,15671158;8041,006836
40,15600204;8007,155273
40,15592957;8029,201172
40,15581512;8015,273438
40,15578842;7987,436523
40,15449905;8106,128906
40,15417099;7910,004883
40,15394974;8039,691406
40,15163422;8117,411133
40,14849091;7861,417969
40,14479446;8011,864746
40,14386368;8116,624023
40,14292526;8055,44873
40,14196396;8044,694336
40,14146042;7920,241699
40,1410408;8051,770996
40,14055634;8004,788086
40,13844299;8054,402344
40,1383667;7971,699219
40,13801956;7985,611816
40,13609314;8017,390625
40,13593674;8162,838867
40,13511658;7952,273926
40,13500595;7820,464844
40,13448715;7950,699219
40,1339798;8000,053711
40,13280487;8170,194336
40,13253784;7942,546875
40,12982178;7947,28125
40,12722015;7885,846191
40,12665939;7992,430176
40,12642288;8050,733887
40,12627411;8045,741211
40,12589264;7945,177246
40,12456131;7965,65918
40,12348557;8089,583984
40,12080002;8004,768555
40,11989594;8106,646484
40,11777115;8110,858398
40,11704636;8028,9375
40,11595535;7921,805664
40,11553955;7948,078125
40,11475754;8059,913574
40,11157608;8069,37207
40,11050034;7954,108398
40,10927963;7938,878418
40,1064415;7928,368652
40,1057663;8174,918945
40,10506821;8043,10498
40,10342026;7997,422852
40,10280991;8024,212891
40,10190582;8110,325195
40,10171509;8125,285156
40,10009766;8118,208008
40,09859848;8029,983887
40,09589005;8229,264648
40,09496689;7967,493164
40,09407043;7984,297363
40,09407043;8166,258301
40,09058762;7996,126953
40,08832932;8012,661621
40,08619308;8131,070801
40,08586502;8089,584473
40,08410645;7961,204102
40,08349991;8037,862305
40,0814743;8002,156738
40,08036041;8088,537598
40,07926178;8124,517578
40,07761765;7933,373047
40,07749939;8017,645508
40,07739639;7984,302246
40,07080841;7953,061523
40,06962204;8080,131348
40,06903076;8107,708008
40,0682106;8085,383789
40,0671196;8061,748047
40,06474686;7967,50293
40,06370163;8068,588867
40,06280136;8003,203613
40,06243134;7866,950195
40,06140518;8015,023926
40,0608139;8136,84668
40,060215;8065,699707
40,05908966;7970,124023
40,05649567;8153,380859
40,05597305;8110,843262
40,05454254;8096,674805
40,05437088;8026,305664
40,05433655;8030,25293
40,05265045;8129,769531
40,05157471;8021,591309
40,05089951;7940,193848
40,04784775;7997,422852
40,0465126;8091,427734
40,04558182;8024,990723
40,04542542;7990,34668
40,04512405;8017,90918
40,04466248;8137,637695
40,04303741;8097,716797
40,04172897;7907,114746
40,04112625;7923,390625
40,04047012;8000,053711
40,03951263;8069,361816
40,03743362;7986,668945
40,03624725;8032,345703
40,03598785;8050,983398
40,03199387;7979,054199
40,03177261;7982,732422
40,03117371;8051,78125
40,02821732;8005,834961
40,0280304;8107,953125
40,02766418;8018,173828
40,02765656;8044,42627
40,02706528;8016,588867
40,02651215;8104,549805
40,02394485;8048,37207
40,02122116;8122,67334
40,01916122;7961,458008
40,01825714;8139,991211
40,01822662;8024,47168
40,01810837;7942,556641
40,01778793;7971,689453
40,0173645;8019,483887
40,01703262;8006,616699
40,01488876;8040,489258
40,01454926;8083,79834
40,01373291;7733,566406
40,00899887;8039,960938
40,00809479;7897,651367
40,00584793;8046,52832
40,00494003;7787,644531
40,00227356;8004,509277
39,9994812;8105,082031
39,99924469;8101,130859
39,99845505;8052,299316
39,99650955;8021,851074
39,99609375;8048,11377
39,9919281;8109,267578
39,98958588;8137,633789
39,98953629;7987,186523
39,98895264;8011,874023
39,98862076;8081,969727
39,9883728;8061,757813
39,98706055;8008,974609
39,98493195;7943,87207
39,98173904;8146,563477
39,98140717;8110,594727
39,98081207;8064,643555
39,9790802;8052,299805
39,97476196;8065,694336
39,97461319;7980,87793
39,97330856;8018,960449
39,9718132;8190,925781
39,96877289;8043,647949
39,96842194;8041,54541
39,96678925;8126,869629
39,96653366;8029,46582
39,96651077;7944,390137
39,96614456;8081,710449
39,96474075;8191,463867
39,9638443;8017,38623
39,96318817;8052,558594
39,96282578;8059,923828
39,96281815;8045,211914
39,95749283;8011,610352
39,95689011;7963,571289
39,95676804;8157,323242
39,95648575;8111,385742
39,95638657;7952,533203
39,95482254;8029,196289
39,95249939;8082,498047
39,95197296;7981,935059
39,95088196;8037,60791
39,95048523;7898,982422
39,95001984;7980,888672
39,94868088;8001,379883
39,94810486;8103,239258
39,9480629;8011,336426
39,94802475;8010,563477
39,94797134;8144,979004
39,94730759;7959,620117
39,94719696;8118,732422
39,94524002;8009,233398
39,9449234;8028,667969
39,94304657;8077,763672
39,93929672;8119,255371
39,93884277;7943,344727
39,93834686;7980,09082
39,9381752;8037,338867
39,93783569;8023,15625
39,93730545;8080,923828
39,93701172;8112,15918
39,93645859;7977,479492
39,93377304;7957,785156
39,93368912;7999,785156
39,93144226;8125,294922
39,92812729;7979,044434
39,9270134;8137,637695
39,92481995;7907,10498
39,92402267;8016,863281
39,92124176;8007,134766
39,9196167;7916,304688
39,91783142;8217,447266
39,91746902;8080,673828
39,91712189;8099,291992
39,91630173;8042,073242
39,91318893;8050,983398
39,91287613;8078,032715
39,9117775;8036,811523
39,91069794;8032,345703
39,90941238;8117,420898
39,90813828;8134,214844
39,9079361;8031,817383
39,90623856;7925,493652
39,90381241;8016,608398
39,90354156;8052,298828
39,8966217;7965,400391
39,89536285;7976,164063
39,89361191;7976,164063
39,89171219;8096,93457
39,89126968;8078,550781
39,88924789;8003,203613
39,88753128;8048,884766
39,88508224;7912,357422
39,88383865;7874,554199
39,88374329;7756,399902
39,88193893;7956,470703
39,87531662;8094,836914
39,87157059;8050,733887
39,87120438;8017,634766
39,86994553;8075,67041
39,86751175;7979,30957
39,86678314;8137,902344
39,8660965;8121,62207
39,86508942;8008,978516
39,86500931;8042,322754
39,86492538;8053,091797
39,8640213;8059,135742
39,86294174;8042,586914
39,86156464;8033,133789
39,86106873;8053,355469
39,8600769;8075,67041
39,85903168;8184,890625
39,8578186;8138,411133
39,85632324;7967,752441
39,8561554;8019,479492
39,85596085;7997,168945
39,85527802;7983,509277
39,85490417;7940,453125
39,85409927;8041,286133
39,85382843;7978,780273
39,85215759;7942,038086
39,84981918;8101,663086
39,84840393;8103,23877
39,8406105;8070,957031
39,84020615;8023,425781
39,83961487;8086,704102
39,83918762;8094,567383
39,83792114;8052,817383
39,83703232;8082,498047
39,83388138;8053,36084
39,83377075;7973,801758
39,83180618;8027,62207
39,82864761;8130,288086
39,82415771;8190,41748
39,8225975;8241,875
39,82217026;7963,297363
39,82094574;8109,806641
39,82030106;7991,652344
39,81922531;8058,070313
39,81753922;7984,556641
39,81737137;8015,019531
39,81602859;8015,801758
39,81426239;7893,978516
39,81333542;8167,293945
39,81223297;8139,995605
39,81048203;8024,472656
39,80937576;8144,979004
39,8067131;8008,714355
39,80253983;8054,666016
39,80057526;7984,81543
39,79801178;8085,118652
39,79769516;8096,939453
39,79751587;8098,254883
39,79719925;8076,453613
39,79698563;8074,888672
39,79639435;8073,040039
39,79553986;8070,936523
39,79491806;8088,532227
39,79235458;8070,159668
39,78998947;7986,140625
39,78924179;8065,694336
39,7882576;7964,623047
39,78736877;8073,040039
39,78404999;7971,170898
39,7830162;7976,691895
39,78197479;7936,257813
39,77891922;8101,664063
39,77692795;8110,852539
39,7755127;7969,34668
39,77519989;8167,304688
39,77428436;8066,740723
39,7742157;7998,219727
39,7736969;8018,956055
39,76802444;7839,631348
39,76596451;8058,329102
39,76568222;8021,84668
39,76377487;8039,701172
39,76081467;8157,328125
39,76078033;7643,239258
39,75774384;8034,449219
39,75630569;7882,956055
39,75626373;8132,112305
39,75236511;8102,974609
39,75216293;8050,993652
39,74883652;8059,664063
39,74843979;8064,378906
39,74734879;8084,605469
39,74699402;8046,517578
39,74582291;8070,688965
39,74517822;8011,874023
39,74494171;7989,807617
39,74367142;8032,345703
39,74101257;8045,212402
39,73884964;7949,373535
39,73836136;8038,649902
39,73597717;8003,467773
39,72504044;8030,511719
39,72143173;8018,951172
39,71984863;8015,541992
39,71867752;7932,849609
39,71853638;7986,664551
39,7179451;8055,722656
39,71792603;8038,914063
39,71692657;8049,165039
39,71640396;8089,065918
39,71592712;8018,955566
39,71318817;7997,701172
39,7098999;8053,355469
39,70286942;8076,189453
39,70176697;8029,207031
39,69919968;8088,27832
39,69751358;8088,537109
39,69575119;8020,012207
39,69437408;8047,574707
39,6935463;8110,842773
39,69346237;8112,169434
39,69219208;8052,309082
39,69192505;8031,828125
39,69083023;8121,35791
39,68962479;8029,724609
39,68613052;8183,321289
39,68507767;8066,740723
39,68395233;8005,834961
39,68388748;8138,939453
39,68338013;8115,577148
39,68334198;8008,455566
39,68024445;7990,595703
39,68019485;8034,71875
39,67874146;8041,803711
39,67629623;8007,927734
39,67621994;8042,591797
39,67477417;8148,397949
39,67344284;7973,802734
39,67034912;8112,168945
39,66898346;8066,481445
39,66846848;7812,591797
39,66838074;7951,746094
39,66830444;7939,925781
39,66796112;7975,376953
39,66794205;7980,101074
39,66409683;8031,289551
39,66116333;8003,737305
39,65883255;7970,124023
39,65858841;8134,743652
39,65662384;8117,15332
39,65468979;8099,819336
39,65341187;8047,584961
39,65325928;7983,773438
39,65311813;7984,02832
39,6500206;8099,027344
39,64821625;8064,637695
39,64731216;8032,345703
39,63974762;8104,026367
39,63743591;8141,310547
39,63423157;8174,654785
39,63299179;8069,371582
39,63111496;8028,9375
39,62856293;8031,558594
39,62761688;7995,319336
39,62620926;8135,28125
39,62487793;8037,867188
39,62467194;8063,59668
39,62151718;8122,135742
39,61733246;8165,730469
39,61097717;8032,874023
39,61090469;7955,423828
39,60818863;8025,77832
39,60739136;8051,25293
39,60719681;8065,44043
39,60590363;8086,953125
39,60493851;8044,954102
39,60448456;8073,831055
39,60224915;8161,254395
39,60137558;8137,115234
39,5939064;8111,12207
39,59336472;8110,055664
39,59104919;8050,734863
39,5901947;8158,643066
39,58840179;7985,612305
39,58760071;8145,78125
39,58344269;8071,206543
39,5825882;7998,479492
39,57979965;8149,195313
39,57830811;8098,519043
39,57815933;8201,171875
39,57545853;8217,446289
39,57455444;8117,410645
39,57381058;8022,897461
39,57236099;8133,956055
39,56780243;8026,56543
39,56724548;7928,642578
39,56622696;8254,194336
39,56551361;8063,073242
39,56348038;8024,212891
39,56192398;8023,156738
39,55962372;8021,063965
39,55844879;7979,044434
39,55594254;8123,984375
39,55475235;8093,53125
39,5541687;8233,992188
39,55120468;8090,640625
39,54781723;8012,393066
39,54595947;8146,558594
39,54537201;8106,916016
39,54493332;7982,193359
39,54117203;8041,540039
39,54098511;8035,764648
39,54049301;8036,81543
39,53842545;8078,561523
39,53768158;7950,699219
39,53740692;8042,586914
39,53583527;8097,458008
39,52964401;8120,82959
39,52896118;8144,20166
39,52886963;8074,883789
39,52575302;8020,525391
39,52456284;8049,942383
39,52445984;8095,365234
39,52433395;8088,268066
39,52308273;8048,890625
39,52307129;8099,047363
39,52299118;8071,475098
39,52216721;8126,870117
39,52090073;8067,52832
39,51749039;8097,727051
39,51668549;8081,177246
39,51220322;8101,135742
39,50854492;8136,577148
39,50673294;8058,862305
39,50515747;8061,229492
39,50389481;8120,561523
39,50356674;8165,98877
39,50259399;8049,144531
39,49901581;8097,991699
39,49655533;7941,500977
39,49570465;8129,760742
39,49518967;8096,421875
39,486866;8017,12207
39,48433304;7954,376953
39,48354721;7973,014648
39,48339844;8010,553711
39,48296738;8075,152344
39,48242569;8023,954102
39,47981262;8164,414551
39,47912979;8115,577148
39,4770546;8059,136719
39,47240448;8130,019531
39,47140884;8085,911133
39,47126389;8006,880859
39,47032166;8011,34668
39,46909714;8005,047852
39,46599579;7988,512695
39,46496201;7788,173828
39,46320343;8050,20166
39,45500946;8037,070313
39,45228958;7938,091797
39,4521637;8030,766602
39,45079803;8091,946289
39,45026779;7935,729004
39,44988251;8070,149902
39,44963837;8101,394531
39,44701385;8017,385742
39,44498444;8115,308594
39,44425583;8023,157227
39,44125748;8082,756836
39,44095612;8093,252441
39,43467712;8086,967773
39,43403244;8046,25
39,43216324;8087,486328
39,43134308;8147,351563
39,43083954;8025,519531
39,42733765;8075,147461
39,4237709;8005,30127
39,42230225;8070,677734
39,40708923;7972,481934
39,40649033;8013,966797
39,40571594;7998,733398
39,40407562;8115,577148
39,39974213;8037,603516
39,39953232;8088,279297
39,39683914;7981,411621
39,39172363;8087,481445
39,38860321;8112,687988
39,38825607;7994,283691
39,38760376;7994,542969
39,38737106;8100,348633
39,38687897;8004,77832
39,37940598;8067,005371
39,37860107;8111,90918
39,37825012;8085,912109
39,37664413;7917,355957
39,37420273;8157,59668
39,37224197;7942,02832
39,37223434;8182,005859
39,3706398;8180,69043
39,36940765;8077,774414
39,36812973;8006,881836
39,36798096;8112,696777
39,36758423;8026,316406
39,36720276;8138,939453
39,36694717;8152,075195
39,36568832;8101,135742
39,36548233;8096,929688
39,36343384;7998,220215
39,36006165;8102,451172
39,35947037;8048,631348
39,3586731;8262,601563
39,35821915;7871,658203
39,35720062;8209,832031
39,3546524;8176,503418
39,35190582;8039,183594
39,35010147;8068,584961
39,34964371;8019,478516
39,34679794;8125,823242
39,34402847;8024,208008
39,33505249;8037,598633
39,33242798;8069,37207
39,32455826;8093,779785
39,31685257;8036,541504
39,30856323;8085,114258
39,30560684;8162,580078
39,30337524;8130,806641
39,30093765;8062,799316
39,29880905;8094,054688
39,29547501;8037,075195
39,29128265;7904,48877
39,28977966;8122,663574
39,28910065;8054,930176
39,28582001;8161,259766
39,28446198;8072,526367
39,28240967;8018,17334
39,2817688;8080,922852
39,2816925;8096,162109
39,28160095;8114,779297
39,28137589;8075,671875
39,28114319;8130,806152
39,28094101;8097,19873
39,27813721;8203,796875
39,2763443;7907,115234
39,27430725;7958,573242
39,27340698;7903,960938
39,27214432;8146,030762
39,27006149;8126,864258
39,26803589;8150,759766
39,26756668;8099,04248
39,26685715;7995,330078
39,26660538;8078,820801
39,26635361;8170,194336
39,26504517;8109,283203
39,25985718;8028,149414
39,25782394;8011,087891
39,25681686;8158,902344
39,25457764;8082,239258
39,25250244;8105,605469
39,25196457;7999,007813
39,2510376;8012,392578
39,24700546;8076,458496
39,24584961;7950,44043
39,24355698;8064,119629
39,24213791;7961,981445
39,24150848;8179,115234
39,23996735;7994,283691
39,23637772;8135,789063
39,23589325;8109,806641
39,23355484;8022,369629
39,23035812;8080,664551
39,2268219;8039,96582
39,2231369;7950,689941
39,21737671;8123,191895
39,21736145;8043,110352
39,21392441;8152,334961
39,21051788;7997,956055
39,21006393;8079,607422
39,21003342;8082,488281
39,1996727;8063,332031
39,19779968;8035,754395
39,19192505;8063,845215
39,19008636;8049,418945
39,18957901;8065,435547
39,18957901;7907,114746
39,18726349;8022,369629
39,18337631;8027,098633
39,17603302;8175,975586
39,17158127;8108,231445
39,17147064;8063,328125
39,16601181;8065,435547
39,16385651;8023,425781
39,16035843;8142,358398
39,15848923;8092,469238
39,15711212;8058,344238
39,15351868;8080,653809
39,15242386;8060,706055
39,15029526;8074,629883
39,1426239;7989,549316
39,13737488;8121,099121
39,13140869;7955,413086
39,13122559;8032,077148
39,12886047;8050,464355
39,12846375;7962,245605
39,12836075;8151,014648
39,12679672;8048,631836
39,12583923;8129,490234
39,1230278;8147,345703
39,12261581;8114,789551
39,11868668;8140,523438
39,11714554;8125,289063
39,11571884;8099,825195
39,11374664;8172,029297
39,11328888;8044,680176
39,10925674;8066,481934
39,10886383;8017,117188
39,10868835;8025,259766
39,10623169;8161,264648
39,10429764;8123,460938
39,09853745;7980,893555
39,09676361;8086,699219
39,09336472;7991,911621
39,09161758;8081,446777
39,088974;7936,786133
39,08799744;8013,179688
39,08575058;8062,798828
39,08405685;7942,815918
39,08247757;7985,881836
39,08246231;8076,463867
39,08178329;8084,855469
39,07255554;8089,583984
39,07248306;8115,841797
39,06920242;8006,88623
39,06856155;8092,475098
39,06777954;8105,077148
39,06641006;8021,322266
39,05771637;7952,015137
39,05737686;8044,42041
39,05446625;8281,253906
39,05313492;7974,325195
39,05293274;8056,236328
39,052742;8074,883789
39,05232239;7891,088867
39,04872131;8105,082031
39,04404831;8109,019043
39,04322433;8180,171387
39,04021835;8148,132813
39,0394783;8138,685059
39,03003311;8092,210938
39,02965164;8067,274414
39,02789307;8138,949219
39,01302338;8057,551758
39,00977325;7987,719727
39,00944519;8097,198242
39,00502396;8080,389648
39,00006866;8133,696777
38,99903107;8167,568359
38,99768066;8068,57959
38,98146439;8109,547852
38,98122406;8055,185547
38,97922897;8115,039063
38,97822189;8139,208008
38,97312927;8073,319336
38,97197723;8128,185059
38,9597435;8081,441406
38,95288849;7966,1875
38,94442749;7973,801758
38,94389343;7945,446289
38,94136047;8137,374023
38,94057846;8073,308594
38,93607712;8070,15918
38,93166351;8055,97168
38,92675781;8088,791992
38,92504501;8093,261719
38,92462158;7530,606445
38,92091751;8052,827148
38,91386795;8015,806152
38,90908813;8072,262695
38,90794373;8084,331543
38,90564346;7953,061523
38,90526581;8112,427246
38,90294266;8105,072266
38,90135956;8064,114258
38,89667511;8277,052734
38,89591217;8083,549805
38,89567184;8016,598633
38,89042282;8080,917969
38,87899017;8030,242676
38,87833023;8022,369629
38,87413788;7946,224609
38,8738327;8119,509766
38,87286758;8011,874023
38,86011887;8085,637695
38,85793686;8209,572266
38,85341644;8170,454102
38,85052109;8086,430664
38,84401703;8083,543945
38,84041214;8086,962891
38,8381691;8110,59375
38,83614731;8075,67041
38,83169174;8086,435547
38,82579422;8092,998047
38,82484436;8112,946289
38,82428741;8164,947266
38,81892776;8206,951172
38,81622696;8064,378906
38,8126564;7982,727051
38,80263519;8084,337402
38,79964828;7997,960938
38,79120636;8101,664063
38,77712631;8127,128906
38,77219009;8082,49707
38,77180099;8055,189453
38,76929855;8137,364746
38,76213837;8105,864258
38,75685501;8162,316406
38,75196838;8071,475098
38,74423981;8266,283203
38,74294662;8107,693848
38,73553467;8204,589844
38,73316956;8218,761719
38,72076416;8117,680664
38,71366119;8034,18457
38,71004486;8214,038086
38,6900444;8148,92041
38,68877411;8074,883789
38,68101883;8143,673828
38,66513443;7956,459961
38,65975189;8079,612305
38,64187622;8252,095703
38,63700485;8071,993164
38,63010025;8032,346191
38,63002396;8117,680664
38,62989044;8241,337891
38,59162903;8150,759766
38,57252502;8089,84375
38,57214737;8095,883789
38,54784775;8120,839355
38,54404449;8138,421387
38,54107285;8363,958984
38,53337479;8104,026367
38,53050613;8075,935547
38,52715302;8112,433594
38,52541351;8100,881836
38,52440262;7988,762207
38,52151108;8134,213867
38,51554108;8017,375977
38,48443222;8095,628906
38,46320724;8147,615234
38,46086121;8222,962891
38,43546295;8134,214844
38,38955307;8064,637695
38,38247681;7945,711914
38,34920883;8120,042969
38,30977631;8151,287598
38,27155685;8167,040039
38,21622849;8210,350586
38,16189575;8216,917969
38,14663696;7456,045898
37,91281891;7715,178223
37,890625;8236,084961
37,55275345;7385,15332
37,53562164;7486,499512
37,53004074;7916,561523
37,41279602;7445,541016
37,22751617;7435,300293
36,79301453;8166,511719
36,740242;7491,746094
36,65724182;6956,926758
36,55996704;7021,769531
36,47415161;7608,325684
36,28978348;7623,819336
35,93325806;7049,866211
35,92103195;7097,386719
35,70615005;7081,629395
34,62978363;7148,844238
34,43964386;7009,171875
34,10794449;7024,132324
32,66268539;6348,583984
32,1353302;6404,775391
31,44066048;6561,779785
31,27338028;6535
31,26650429;6580,951172
31,11367989;6601,427246
27,46707535;5522,579102
